" 423 Fordham Rd Abingdon, MD 21009"
" 90 10th St Abingdon, MD 21009"
" 7267 Woodsman St Alexandria, VA 22304"
" 2 Newbridge St Algonquin, IL 60102"
" 203 Pawnee Ave Allentown, PA 18102"
" 72 Elm St Allentown, PA 18102"
" 8533 Pennsylvania St Alpharetta, GA 30004"
" 594 Sunbeam Ave Ames, IA 50010"
" 1 East Victoria Ave Anaheim, CA 92806"
" 9149 Sierra St Anchorage, AK 99504"
" 9666 Bellevue St Annapolis, MD 21401"
" 600 Cottage Rd Antioch, TN 37013"
" 514 Coffee St Antioch, TN 37013"
" 89 South Pacific Dr Arlington, MA 02474"
" 48 Ridgeview Ave Arlington, MA 02474"
" 767 Courtland Ave Asheville, NC 28803"
" 93 West Ann St Asheville, NC 28803"
" 4 Lafayette St Ashtabula, OH 44004"
" 54 Fordham Rd Ashtabula, OH 44004"
" 7814 Madison St Ashtabula, OH 44004"
" 241 East Leeton Ridge Dr Atlanta, GA 30303"
" 88 Myers Ave Atlanta, GA 30303"
" 64 Mountainview Rd Auburndale, FL 33823"
" 9710 Piper St Augusta, GA 30906"
" 7152 Mill Dr Augusta, GA 30906"
" 99 Smoky Hollow Dr Austin, MN 55912"
" 31 Blue Spring Ave Austin, MN 55912"
" 9413 Beach Rd Ballston Spa, NY 12020"
" 29 South Baker Ave Ballston Spa, NY 12020"
" 734 Green Hill Ave Banning, CA 92220"
" 949 Ridgewood Ave Barberton, OH 44203"
" 796 Schoolhouse St Battle Creek, MI 49015"
" 220 Swanson Rd Battle Creek, MI 49015"
" 974 Beach Rd Battle Creek, MI 49015"
" 990 Livingston Ave Bay Shore, NY 11706"
" 9783 Constitution Dr Bensalem, PA 19020"
" 427 Rock Creek St Bergenfield, NJ 07621"
" 828 Jackson St Berwyn, IL 60402"
" 51 Roosevelt Dr Bethlehem, PA 18015"
" 46 Broad Dr Billerica, MA 01821"
" 861 Ann Dr Bloomfield, NJ 07003"
" 9 Cleveland Ave Boston, MA 02127"
" 16 George Ave Bountiful, UT 84010"
" 895 Buttonwood St Boynton Beach, FL 33435"
" 283 Walnutwood Ave Bozeman, MT 59715"
" 96 North Bedford St Bozeman, MT 59715"
" 340 Jennings St Bozeman, MT 59715"
" 915 Walt Whitman St Branford, CT 06405"
" 9790 Homewood St Bridgeport, CT 06606"
" 922 Canterbury St Bridgeton, NJ 08302"
" 63 Illinois St Bridgeton, NJ 08302"
" 5 Fairfield Dr Brockton, MA 02301"
" 996 Essex St Brunswick, GA 31525"
" 9512 Glen Creek St Buffalo, NY 14215"
" 8220 Yukon St Burbank, IL 60459"
" 9281 Miller St Burbank, IL 60459"
" 663 Alderwood St Burnsville, MN 55337"
" 96B Bowman Dr Camden, NJ 08105"
" 6 Bay Meadows Dr Camp Hill, PA 17011"
" 612 North Strawberry St Canandaigua, NY 14424"
" 45 King St Canton, GA 30114"
" 8323 San Carlos St Carmel, NY 10512"
" 53 Amherst Rd Carpentersville, IL 60110"
" 88 Summer Ave Central Islip, NY 11722"
" 400 Rockaway Dr Chandler, AZ 85224"
" 27 Gonzales St Chardon, OH 44024"
" 57 Oakwood St Chardon, OH 44024"
" 70 Columbia Ave Charlottesville, VA 22901"
" 7 Delaware Dr Charlottesville, VA 22901"
" 89 Oak Valley Ave Chaska, MN 55318"
" 40 Lantern St Chatsworth, GA 30705"
" 7365 John St Chesapeake, VA 23320"
" 7 South Kirkland Dr Cheshire, CT 06410"
" 65 Birchwood Dr Clarksburg, WV 26301"
" 7 Ivy St Clarkston, MI 48348"
" 756 East Sutor Dr Clarksville, TN 37040"
" 359 Hickory Ave Clayton, NC 27520"
" 58 4th Ave Clementon, NJ 08021"
" 74 53rd St Cleveland, TN 37312"
" 436 Old Lilac St Clinton Township, MI 48035"
" 333 Selby Rd Clover, SC 29710"
" 24 Saxton Ave Cocoa, FL 32927"
" 38 Summit Dr Colonial Heights, VA 23834"
" 43 Valley Farms St Colonial Heights, VA 23834"
" 534 Walnutwood Dr Columbia, MD 21044"
" 524 Valley Farms Dr Conway, SC 29526"
" 7205 Rockledge Ave Coraopolis, PA 15108"
" 61 Highland St Cornelius, NC 28031"
" 926 Trusel Dr Corona, NY 11368"
" 8308 Sugar Ave Corpus Christi, TX 78418"
" 9156 Harrison Rd Covington, GA 30014"
" 964 Pine Ave Cranford, NJ 07016"
" 76 Rock Creek Ave Crystal Lake, IL 60014"
" 187 Delaware Ave Cuyahoga Falls, OH 44221"
" 1 East Nicolls St Dedham, MA 02026"
" 828 Summit Ave Deland, FL 32720"
" 9871 Carson St Deland, FL 32720"
" 148 Peg Shop St Deltona, FL 32725"
" 51 Rock Maple St Derby, KS 67037"
" 33 8th Ave Des Plaines, IL 60016"
" 247 Courtland Dr Dorchester, MA 02125"
" 230 Hilldale Dr Douglasville, GA 30134"
" 82 Rocky River St Dover, NH 03820"
" 8760 Church Ave Doylestown, PA 18901"
" 1 Wild Rose St Drexel Hill, PA 19026"
" 7291 Rose St Duarte, CA 91010"
" 7006 Homestead St Duluth, GA 30096"
" 835 Broad St Dundalk, MD 21222"
" 573 Victoria Dr Dundalk, MD 21222"
" 14 Garden Rd Dunedin, FL 34698"
" 11 Stillwater Dr East Elmhurst, NY 11369"
" 346 Sycamore Rd East Haven, CT 06512"
" 50 North Fairway Rd Eastlake, OH 44095"
" 932 Edgewood St Eau Claire, WI 54701"
" 69 Essex Ave Eden Prairie, MN 55347"
" 914 Cambridge St Edison, NJ 08817"
" 764 Acacia St Edison, NJ 08817"
" 12 Thorne Rd El Dorado, AR 71730"
" 8256 Manor Station Ave Elizabeth City, NC 27909"
" 66 Augusta Ave Elizabethton, TN 37643"
" 227 North Ave Ellenwood, GA 30294"
" 56 Gulf Ave Ellicott City, MD 21042"
" 17 Vermont St Emporia, KS 66801"
" 230 Dunbar St Endicott, NY 13760"
" 7807 Sunset Ave Ephrata, PA 17522"
" 948 West Cactus St Erlanger, KY 41018"
" 16 Poor House St Eugene, OR 97402"
" 8040 West Airport Dr Evans, GA 30809"
" 68 Lafayette St Everett, MA 02149"
" 7683 St Louis Ave Fairborn, OH 45324"
" 748 Cleveland St Fall River, MA 02720"
" 8253 Pineknoll Ave Fall River, MA 02720"
" 284 Front Rd Falls Church, VA 22041"
" 272 Oakland St Farmington, MI 48331"
" 8940 Kirkland St Fishers, IN 46037"
" 943 East Meadow St Fleming Island, FL 32003"
" 8901 Philmont Ave Flemington, NJ 08822"
" 73 Wild Rose Ave Fort Lee, NJ 07024"
" 6 Van Dyke St Fort Mill, SC 29708"
" 7145 West Ryan Rd Fort Wayne, IN 46804"
" 5 Madison Ave Framingham, MA 01701"
" 91 Military St Franklin Square, NY 11010"
" 347 Overlook Ave Fresh Meadows, NY 11365"
" 38 Wrangler St Fresno, CA 93706"
" 7417 Coffee St Front Royal, VA 22630"
" 1 Vale Rd Fullerton, CA 92831"
" 9392 Depot Rd Fuquay Varina, NC 27526"
" 9379 6th St Garland, TX 75043"
" 8544 Hawthorne Ave Garner, NC 27529"
" 7657 Valley Rd Glasgow, KY 42141"
" 7 Mill Ave Glasgow, KY 42141"
" 86 East Pilgrim St Glen Allen, VA 23059"
" 751 Third St Glendale Heights, IL 60139"
" 87 Rock Creek St Glenside, PA 19038"
" 8731 San Carlos Rd Goodlettsville, TN 37072"
" 9230 Locust St Goodlettsville, TN 37072"
" 7492 Glen Ridge Rd Goose Creek, SC 29445"
" 420 Beacon St Grand Haven, MI 49417"
" 441 Nut Swamp St Grand Rapids, MI 49503"
" 7 East Bridgeton St Granger, IN 46530"
" 512 Hill Ave Great Falls, MT 59404"
" 8258 North Bridle St Greensburg, PA 15601"
" 3 Dogwood Dr Greenwood, SC 29646"
" 9410 Central Dr Greer, SC 29650"
" 9 Van Dyke St Greer, SC 29650"
" 7177 Newport Dr Griffin, GA 30223"
" 9644 Grove St Groton, CT 06340"
" 870 Trenton St Grovetown, GA 30813"
" 59 Brickyard St Grovetown, GA 30813"
" 8034 St Margarets Ave Gulfport, MS 39503"
" 619 Sherman St Gurnee, IL 60031"
" 3 Manhattan St Hamilton, OH 45011"
" 842 Riverside Ave Hamtramck, MI 48212"
" 9959 Dunbar St Hamtramck, MI 48212"
" 9476 Wild Rose St Hanover Park, IL 60133"
" 8552 Franklin Ave Harleysville, PA 19438"
" 9658 Fairway Ave Harlingen, TX 78552"
" 400 Circle Dr Harrisburg, PA 17109"
" 7191 Ridgewood Ave Hartselle, AL 35640"
" 812 Harrison Rd Harvey, IL 60426"
" 8632 Hanover Rd Henderson, KY 42420"
" 28 Hartford Ave Henrico, VA 23228"
" 9301 Southampton St Hephzibah, GA 30815"
" 964 Highland Ave Hicksville, NY 11801"
" 8993 Wall Ave Hinesville, GA 31313"
" 61C West Lookout Ave Hinesville, GA 31313"
" 693 White St Holbrook, NY 11741"
" 71 Sierra Rd Hollis, NY 11423"
" 7413 Second Rd Holly Springs, NC 27540"
" 8590 Cottage Ave Hollywood, FL 33020"
" 91 Old Monroe St Hollywood, FL 33020"
" 669 Central St Hope Mills, NC 28348"
" 8422 Second St Hopkins, MN 55343"
" 8481 El Dorado Dr Houston, TX 77016"
" 6 Chapel Ave Houston, TX 77016"
" 524 Mill Pond St Huntington Station, NY 11746"
" 6 Union St Huntington, NY 11743"
" 219 Creek Rd Indian Trail, NC 28079"
" 36 Trenton Ave Irmo, SC 29063"
" 9679 Kent St Jackson Heights, NY 11372"
" 9602 Carriage Dr Joliet, IL 60435"
" 35 Longbranch St Jupiter, FL 33458"
" 934 Green St Jupiter, FL 33458"
" 259 Shub Farm Dr Jupiter, FL 33458"
" 665 Griffin Ave Kalispell, MT 59901"
" 300 Pineknoll St Kenosha, WI 53140"
" 7383 Essex St Kingsport, TN 37660"
" 119 Tower St Kissimmee, FL 34741"
" 7106 Greenrose St Knoxville, TN 37918"
" 515 Olive Dr Kokomo, IN 46901"
" 62 Valley Farms Dr Kokomo, IN 46901"
" 8074 Del Monte Ave La Crosse, WI 54601"
" 115 Laurel St Lacey, WA 98503"
" 964 Stillwater Rd Lakeville, MN 55044"
" 798 Vine St Lakeville, MN 55044"
" 8976 Marshall Dr Lakeville, MN 55044"
" 9938 South Jackson Rd Lanham, MD 20706"
" 8 Belmont Dr Lansdowne, PA 19050"
" 742 New Ave Lapeer, MI 48446"
" 93 South Trout Ave Latrobe, PA 15650"
" 9 Windfall Dr Laurel, MD 20707"
" 250 Inverness St Lawrenceville, GA 30043"
" 7145 Fieldstone Ave Lemont, IL 60439"
" 86 Country St Lenoir, NC 28645"
" 57 Circle Dr Leominster, MA 01453"
" 8904 Devon Ave Levittown, NY 11756"
" 8224 San Pablo St Lewis Center, OH 43035"
" 53 Princess Dr Lexington, NC 27292"
" 60 North Oxford Dr Lithonia, GA 30038"
" 763 Selby Ave Littleton, CO 80123"
" 617 Brickyard St Littleton, CO 80123"
" 9556 West Dr Littleton, CO 80123"
" 28 Manor Station St Livonia, MI 48150"
" 11 Virginia St Livonia, MI 48150"
" 55 East Sherman Dr Long Beach, NY 11561"
" 629 Academy Dr Long Beach, NY 11561"
" 8976 Anderson St Longview, TX 75604"
" 154 Penn St Lorton, VA 22079"
" 540 Greenview Dr Los Angeles, CA 90008"
" 865 North Redwood Ave Louisville, KY 40207"
" 444 Buckingham Ave Louisville, KY 40207"
" 835 Crescent St Lutherville Timonium, MD 21093"
" 9556 Argyle Rd Lynnwood, WA 98037"
" 93 Rosewood St Macomb, MI 48042"
" 8301 Glen Eagles Rd Madisonville, KY 42431"
" 8645 Lakeview St Manahawkin, NJ 08050"
" 472 Longbranch St Manassas, VA 20109"
" 8847 South Helen St Manassas, VA 20109"
" 9 Valley Farms St Manchester Township, NJ 08759"
" 8706 Locust Dr Maplewood, NJ 07040"
" 9974 East Jefferson St Marcus Hook, PA 19061"
" 430 Pumpkin Hill St Marion, NC 28752"
" 107 Laurel St Marlton, NJ 08053"
" 17 Gulf St Marlton, NJ 08053"
" 9934 George Ave Marysville, OH 43040"
" 753 St Paul St Marysville, OH 43040"
" 554 Littleton Dr Mason, OH 45040"
" 944 Whitemarsh St Maspeth, NY 11378"
" 755 Wagon St Massapequa, NY 11758"
" 265 Stillwater St Maumee, OH 43537"
" 8547 Delaware Ave Mcallen, TX 78501"
" 8445 Valley View St Mcminnville, TN 37110"
" 159 Wilson Dr Meadville, PA 16335"
" 38 Central Rd Mebane, NC 27302"
" 170 Randall Mill Ave Media, PA 19063"
" 79 Pacific Ave Medina, OH 44256"
" 8164 Oklahoma Ave Medina, OH 44256"
" 74 Lake View Ave Melbourne, FL 32904"
" 74 Tower Ave Melbourne, FL 32904"
" 31 Grandrose St Melrose, MA 02176"
" 86 Jefferson St Melrose, MA 02176"
" 7034 Academy Dr Memphis, TN 38106"
" 8137 University St Merrick, NY 11566"
" 46 San Juan St Merrillville, IN 46410"
" 545 Bohemia St Miami Gardens, FL 33056"
" 8901 Railroad St Miami Gardens, FL 33056"
" 8028 Homewood Ave Middle River, MD 21220"
" 2 Clay Ave Middleton, WI 53562"
" 8383 Bowman St Middleton, WI 53562"
" 22 Liberty St Millington, TN 38053"
" 41 Van Dyke Ave Milwaukee, WI 53204"
" 7721 Glenridge Dr Mobile, AL 36605"
" 58 Wakehurst Dr Mocksville, NC 27028"
" 145 Harrison St Mokena, IL 60448"
" 566 Lantern Dr Monroe Township, NJ 08831"
" 42 East Madison St Monroe, NY 10950"
" 19 Sussex St Monroe, NY 10950"
" 8925 Pacific Rd Monroeville, PA 15146"
" 4 Rockcrest St Montclair, NJ 07042"
" 7164 Woodland St Montgomery, AL 36109"
" 7524 Saxton St Morgantown, WV 26508"
" 866 Griffin St Mount Airy, MD 21771"
" 973 Manor St Mount Holly, NJ 08060"
" 8848 Locust Ave Mount Holly, NJ 08060"
" 152 Talbot St Mount Juliet, TN 37122"
" 578 Hickory St Mount Pleasant, SC 29464"
" 9811 Mechanic Ave Munster, IN 46321"
" 8844 Valley St Murfreesboro, TN 37128"
" 69 Prairie Dr Murrells Inlet, SC 29576"
" 7403 South Ave Muskegon, MI 49441"
" 29 Stillwater Ave Naugatuck, CT 06770"
" 224 East Ave Navarre, FL 32566"
" 8857 Nut Swamp Dr Nazareth, PA 18064"
" 1 Broad Rd Neptune, NJ 07753"
" 8859 Cherry St Neptune, NJ 07753"
" 47 East Kent St New Albany, IN 47150"
" 737 Wakehurst Rd New Berlin, WI 53151"
" 25 Adams Dr New Britain, CT 06051"
" 8744 Shadow Brook St New City, NY 10956"
" 85 Pennington St New Haven, CT 06511"
" 102 Summit St New Kensington, PA 15068"
" 67 West Trusel Rd Newnan, GA 30263"
" 52 53rd Ave Newton, NJ 07860"
" 9692 Van Dyke St Niles, MI 49120"
" 8882 Chestnut St Norfolk, VA 23503"
" 359 Young St Norristown, PA 19401"
" 574 West Newbridge Ave North Attleboro, MA 02760"
" 79 Buckingham Ave North Attleboro, MA 02760"
" 538 Saxon St North Augusta, SC 29841"
" 11 Poor House St North Augusta, SC 29841"
" 165 Rose St North Bergen, NJ 07047"
" 8044 Studebaker St North Brunswick, NJ 08902"
" 639 Riverside St North Fort Myers, FL 33917"
" 872 Gates St North Haven, CT 06473"
" 90 Summerhouse Ave North Miami Beach, FL 33160"
" 1 John Ave North Ridgeville, OH 44039"
" 9144 Linda St North Ridgeville, OH 44039"
" 90 Fieldstone St Oakland, CA 94603"
" 850 Arcadia Ave Oakland, CA 94603"
" 122 Bear Hill Ave Oakland, CA 94603"
" 215 Lees Creek Ave Oceanside, NY 11572"
" 5 Linda Dr Odenton, MD 21113"
" 477 Bridge Dr Oklahoma City, OK 73112"
" 765 Orange St Oklahoma City, OK 73112"
" 168 Prospect St Olympia, WA 98512"
" 26 South Wentworth Dr Onalaska, WI 54650"
" 4 Border Ave Ontario, CA 91762"
" 442 Green St Ooltewah, TN 37363"
" 5 Hawthorne St Orange, NJ 07050"
" 11 Henry Ave Orlando, FL 32806"
" 70 Rockcrest Ave Ormond Beach, FL 32174"
" 8807 Pierce Ave Oshkosh, WI 54901"
" 9 Hartford Ave Osseo, MN 55311"
" 126 Tanglewood St Owosso, MI 48867"
" 98 Briarwood Dr Owosso, MI 48867"
" 278 Clay Ave Paducah, KY 42001"
" 792 Smith Store St Painesville, OH 44077"
" 2 Dunbar Dr Palatine, IL 60067"
" 29 Edgemont Ave Palm Beach Gardens, FL 33410"
" 47 Edgemont Ave Palm Coast, FL 32137"
" 8 Fairfield Ave Panama City, FL 32404"
" 706 Tarkiln Hill Ave Panama City, FL 32404"
" 47 Smith Dr Panama City, FL 32404"
" 20 Wood St Park Forest, IL 60466"
" 42 Carriage Ave Parsippany, NJ 07054"
" 901 West Cedar Swamp Ave Pataskala, OH 43062"
" 42 Fairway Dr Patchogue, NY 11772"
" 718 School Dr Pearl, MS 39208"
" 7702 Ocean St Perth Amboy, NJ 08861"
" 23 South St Pewaukee, WI 53072"
" 300 Walnut Dr Phoenix, AZ 85021"
" 98 Fieldstone St Pittsfield, MA 01201"
" 9449 Fairground St Plymouth, MA 02360"
" 4 Marvon Rd Point Pleasant Beach, NJ 08742"
" 7456 East Peninsula Ave Pomona, CA 91768"
" 43 Prince Dr Pomona, CA 91768"
" 17 Rockaway St Pompano Beach, FL 33060"
" 234 Cross St Port Saint Lucie, FL 34952"
" 851 Ramblewood St Portsmouth, VA 23703"
" 8820 Heritage Dr Pottstown, PA 19464"
" 8091 Church Ave Poughkeepsie, NY 12601"
" 7304 Cherry Hill Ave Prattville, AL 36067"
" 5 Bedford Dr Racine, WI 53402"
" 965 Albany Rd Raeford, NC 28376"
" 733 Rockland Dr Randolph, MA 02368"
" 436 Rockville Ave Reading, MA 01867"
" 8430 Lookout St Reisterstown, MD 21136"
" 740 Ocean St Reston, VA 20191"
" 59 Wood Ave Revere, MA 02151"
" 645 Lees Creek Rd Reynoldsburg, OH 43068"
" 578 Sunset Dr Richmond, VA 23223"
" 90 Chapel St Ridgecrest, CA 93555"
" 90 Thomas St Ridgewood, NJ 07450"
" 2 Pawnee St Rochester, NY 14606"
" 265 Old Windfall Ave Rock Hill, SC 29730"
" 7330 Brown Ave Rocky Mount, NC 27804"
" 9652 Sheffield St Rocky Mount, NC 27804"
" 347 Fairview Rd Romeoville, IL 60446"
" 16 Silver Spear St Ronkonkoma, NY 11779"
" 9855 Catherine St Roselle, IL 60172"
" 7509 North Elizabeth St Roseville, MI 48066"
" 944 Union St Roslindale, MA 02131"
" 33 Wintergreen Rd Rossville, GA 30741"
" 528 Highland Dr Rossville, GA 30741"
" 9042 Birchpond Rd Royal Oak, MI 48067"
" 41 Wakehurst St Royal Oak, MI 48067"
" 347 Mulberry Ave Saint Augustine, FL 32084"
" 95 Rock Creek St Salt Lake City, UT 84119"
" 139 West Grant St San Angelo, TX 76901"
" 417 Newcastle Ave San Carlos, CA 94070"
" 358 West Rocky River Ave San Diego, CA 92111"
" 40 Fieldstone St San Pablo, CA 94806"
" 751 Birch Hill St Sandusky, OH 44870"
" 962 Church Rd Sanford, NC 27330"
" 9925 Blue Spring Ave Santa Clara, CA 95050"
" 8106 Studebaker St Saratoga Springs, NY 12866"
" 935 Newbridge St Saugus, MA 01906"
" 19 Ashley St Schererville, IN 46375"
" 8363 Essex Ave Scotch Plains, NJ 07076"
" 7700 Miles Ave Selden, NY 11784"
" 8155 Inverness St Severna Park, MD 21146"
" 32 Wild Horse St Sevierville, TN 37876"
" 456 Bradford St Shakopee, MN 55379"
" 667 Mill Pond St Sheboygan, WI 53081"
" 875 Edgemont Ave Shelton, CT 06484"
" 515 6th St Shepherdsville, KY 40165"
" 9424 Argyle St Sicklerville, NJ 08081"
" 251 Cypress Rd Simpsonville, SC 29680"
" 74 Taylor St Skokie, IL 60076"
" 4 South Birch Hill Ave Smithtown, NY 11787"
" 5 Creekside St Soddy Daisy, TN 37379"
" 94 Addison Ave Somerset, NJ 08873"
" 802 Walnutwood Ave South Windsor, CT 06074"
" 536 Middle River St Southampton, PA 18966"
" 500 Pumpkin Hill St Southfield, MI 48076"
" 8869 Academy Dr Southington, CT 06489"
" 7821 Brown Dr Spring Hill, FL 34608"
" 9971 Strawberry St Spring Hill, FL 34608"
" 64 Rockcrest St Springfield Gardens, NY 11413"
" 8402 East Warren Ave Springfield Gardens, NY 11413"
" 93 Baker Rd Staten Island, NY 10301"
" 97 Sleepy Hollow St Staten Island, NY 10301"
" 443 Birchpond St Stevens Point, WI 54481"
" 9 College St Streamwood, IL 60107"
" 7906 Lookout St Sun City, AZ 85351"
" 331 Rose Ave Sun Prairie, WI 53590"
" 3 Jockey Hollow Dr Superior, WI 54880"
" 40 Roehampton St Sylvania, OH 43560"
" 8320 Wellington St Sylvania, OH 43560"
" 9352 Harvard St Tampa, FL 33604"
" 9174 Warren St Taylors, SC 29687"
" 99 Orchard St Temple Hills, MD 20748"
" 416 Old Tailwater Ave The Villages, FL 32162"
" 9135 Bay Meadows St Tonawanda, NY 14150"
" 7031 West Newport Rd Traverse City, MI 49684"
" 75 Glen Creek Ave Trussville, AL 35173"
" 5 Manhattan Ave Tualatin, OR 97062"
" 8478 Gonzales St Tualatin, OR 97062"
" 731 Essex Ave Uniondale, NY 11553"
" 8007 East Colonial Dr Uniondale, NY 11553"
" 9035 South Riverside St Upland, CA 91784"
" 8265 East Branch St Upper Marlboro, MD 20772"
" 7011 Schoolhouse Ave Upper Marlboro, MD 20772"
" 7375 Orange Ave Valdosta, GA 31601"
" 9621 Thatcher Ave Valdosta, GA 31601"
" 9024 Taylor St Valley Stream, NY 11580"
" 958 Trusel St Venice, FL 34293"
" 9551 South Canterbury St Vernon Hills, IL 60061"
" 7692 Squaw Creek Rd Vernon Rockville, CT 06066"
" 976 Vale St Vernon Rockville, CT 06066"
" 8723 Ramblewood Dr Vernon Rockville, CT 06066"
" 363 Tailwater Ave Vicksburg, MS 39180"
" 261 Fawn Dr Victoria, TX 77904"
" 9687 Cobblestone St Vienna, VA 22180"
" 345 Evergreen Ave Vista, CA 92083"
" 127 Market Rd Voorhees, NJ 08043"
" 328 Snake Hill St Wake Forest, NC 27587"
" 903 Bedford St Wappingers Falls, NY 12590"
" 64 4th St Wappingers Falls, NY 12590"
" 7843 Devon Dr Waterbury, CT 06705"
" 6 Lower River St Watertown, MA 02472"
" 271 Ivy Ave Waukesha, WI 53186"
" 6 Shore St Wellington, FL 33414"
" 888 Alderwood St West Babylon, NY 11704"
" 9137 Evergreen Rd West Deptford, NJ 08096"
" 43 Oklahoma Dr West Fargo, ND 58078"
" 9 La Sierra St West Haven, CT 06516"
" 7749 Market St West Hempstead, NY 11552"
" 835 Philmont St West Hempstead, NY 11552"
" 870 Washington St West Islip, NY 11795"
" 358 Rockcrest Rd West New York, NJ 07093"
" 8442 Rockwell St Westlake, OH 44145"
" 8535 Pennsylvania Dr Westland, MI 48185"
" 54 Glenholme Rd Westland, MI 48185"
" 11 County St Westport, CT 06880"
" 9445 Maple St Westwood, NJ 07675"
" 8250 Shadow Brook Dr Wethersfield, CT 06109"
" 61 Cedar Swamp St Wethersfield, CT 06109"
" 97 Branch St Wethersfield, CT 06109"
" 8730 Applegate St Wilkes Barre, PA 18702"
" 149 Myers Rd Williamsburg, VA 23185"
" 72 Bow Ridge St Willoughby, OH 44094"
" 8656 Piper Ave Wilson, NC 27893"
" 7803 Fifth St Winchester, VA 22601"
" 828 Grove St Windsor Mill, MD 21244"
" 8900 Alderwood St Windsor Mill, MD 21244"
" 827 Clay St Winston Salem, NC 27103"
" 480 Piper Ave Winter Park, FL 32792"
" 468 Eagle Ave Woburn, MA 01801"
" 9179 Creekside St Woonsocket, RI 02895"
" 22 Durham Ave Worcester, MA 01604"
" 7703 Sunbeam Rd Worcester, MA 01604"
" 623 Birchwood St Wyoming, MI 49509"
" 8145 Country Club St Xenia, OH 45385"
" 1 Newcastle Ave Ypsilanti, MI 48197"
" 8710 Coffee Ave Yuma, AZ 85365"
" 385 Riverside Ave Zeeland, MI 49464"
" 640 Hamilton Rd Zion, IL 60099"
" 14B E Gregory St Zion, IL 60099"
" 7877 SE Shub Farm Dr York, PA 17402"
" 57 W Arch Ave West Hempstead, NY 11552"
" 8392 S Coffee Ave Washington, PA 15301"
" 251 S River St Vista, CA 92083"
" 9582 S Snake Hill St Vincentown, NJ 08088"
" 618 N Ridgeview St Victoria, TX 77904"
 495 SW William St Unit 10 
" 8998 E Hilltop Ave Sun Prairie, WI 53590"
" 65 NW Beaver Ridge Dr Smyrna, GA 30080"
" 614 S Hill St Sebastian, FL 32958"
" 786 W Philmont Dr Saint Albans, NY 11412"
" 1 E Hall Dr Rossville, GA 30741"
" 429 S Amerige St Roselle, IL 60172"
" 383 E Canterbury Dr Rockville Centre, NY 11570"
" 9914 W Adams St New Windsor, NY 12553"
" 9598 N Glenwood St New Baltimore, MI 48047"
" 64 N Manor Station Dr Muskegon, MI 49441"
" 9805 N Lawrence Ave Middle River, MD 21220"
" 8848 W Country St Michigan City, IN 46360"
" 35 NW Inverness Dr Meadville, PA 16335"
" 5 S Cambridge St Marquette, MI 49855"
" 731 E Brandywine Dr Maplewood, NJ 07040"
" 78 S Orange St Louisville, KY 40207"
" 889 SE Manor Ave Levittown, NY 11756"
" 15 W Addison Rd Kent, OH 44240"
" 9594 N Lees Creek St Independence, KY 41051"
" 187 NE Virginia Ave Hillsborough, NJ 08844"
" 793 W Oak Meadow St High Point, NC 27265"
" 8641 W Ashley Ave Hicksville, NY 11801"
" 62 E St Paul Ave Freeport, NY 11520"
" 8971 S Newcastle St Frederick, MD 21701"
" 81 W Cemetery St Frankfort, KY 40601"
" 55 E York Dr Fort Worth, TX 76110"
" 8317 W Brookside St Farmingdale, NY 11735"
" 788 N Laurel St Evansville, IN 47711"
" 8822 W Glenwood St Elk River, MN 55330"
" 28 S Primrose St Edison, NJ 08817"
" 8065 W Hamilton St Eden Prairie, MN 55347"
" 2 N Rock Creek St Douglasville, GA 30134"
" 7735 S Pendergast Ave De Pere, WI 54115"
" 42 SE Foxrun Ave Danvers, MA 01923"
" 9797 S Hall Rd Crown Point, IN 46307"
" 949 S Prospect St Cottage Grove, MN 55016"
" 261 S Bellevue Ave Chicago, IL 60621"
" 669 S West Ave Chicago, IL 60621"
" 78 E West St Chattanooga, TN 37421"
" 834 E Branch Rd Carrollton, GA 30117"
" 160 E Garden Dr Carrollton, GA 30117"
" 863 S Johnson St Carlisle, PA 17013"
" 6 NW Westminster St Bowie, MD 20715"
" 447 S Cherry St Blacksburg, VA 24060"
" 50 SE Tarkiln Hill St Apex, NC 27502"
